id,username,password,role,dealership_number
1,rmanley0,ydT9qfajlRy,internet,79
2,tadamski1,HggyOuM77Tas,internet,71
3,lnewhouse2,EQQmFDd2Nj,floor,38
4,edilnot3,goMWf7,internet,39
5,dismead4,GZ8s5vpj8A9h,floor,81
6,ewarrior5,QwZ4aRS,manager,27
7,bkipling6,bsOzYpz0c5e,manager,23
8,apavlovic7,HP4AE7zKCpAF,internet,98
9,ieldridge8,3opLvFwQudf,internet,48
10,sshephard9,0wS3yl,internet,63
11,jrudgea,PpQXLaKD9Vp,manager,48
12,zconnollyb,Kq6GP5,internet,68
13,acrosfeldc,GfJhTQm,manager,48
14,hglancyd,8L87sShs19Te,manager,64
15,fbaldwine,tOI2p2,manager,51
16,fmccullumf,fBm49AKPz,floor,14
17,gmaffettig,cb73EMRvOuA,manager,24
18,ndearmanh,r1W4rJ,floor,12
19,todhamsi,zs9aSW,manager,16
20,sgwillymj,BPqaIJLOaQP,internet,0
21,vhoyesk,LxUy26DSkXm,manager,29
22,kpiffel,VlaIMM,manager,60
23,hsulleym,5DSDnTQMS,manager,54
24,dsilbertn,WVIJkgN,internet,37
25,isandleo,4V97mvz,manager,76
26,ofulmenp,WBnPLCb8,internet,58
27,mginnq,OR6vEFltVLeh,manager,32
28,lhallettr,RGYnuodR,floor,55
29,aokerins,0reQFb1Gasa,manager,40
30,fmourguet,YP4wnJad,internet,70
31,hmcgennu,qxtQtIaO,floor,27
32,bgillebertv,5h8Z1AHWqB,manager,40
33,sgollyw,fAAul7JyLk44,manager,68
34,mcarnegiex,VPauOVXL0cA,floor,85
35,jpickavery,8jFuU2y,manager,98
36,ceadez,LyzT07CRFB,manager,43
37,yheighton10,kBKH3bl,manager,13
38,cclohessy11,nWNWyUZm5TK,manager,19
39,nwilfinger12,cbTS87z5kk,internet,34
40,cbattershall13,RN19Mb,manager,42
41,jmanicomb14,UmMsjNOh,floor,75
42,nfewster15,1FLoKQf,floor,11
43,nmoehle16,zZtERw6qY,floor,46
44,rconnar17,8GUVtjeyMi,manager,93
45,ayanele18,51UUBrfr,floor,30
46,jsteckings19,Cv1uD3BAZk5,floor,82
47,abennet1a,L8K1jP,floor,14
48,ostegell1b,SIaWs9xB7,floor,32
49,rjakubiak1c,APAobViqFOb,manager,5
50,vryam1d,KBUIsbVW,internet,93
51,fohollegan1e,HBzSNqD3,floor,18
52,cpolson1f,K4Jm77wo60v,floor,7
53,cfrape1g,adySDY8,floor,86
54,ndykins1h,jcfbGKfjv,internet,5
55,mperry1i,an90z4UIiaP,internet,94
56,hhugill1j,9iDGoX,manager,62
57,dlaughnan1k,eebnrsHa206,internet,30
58,gdemalchar1l,5rSHMto,floor,73
59,coutram1m,c9GUJhC,floor,19
60,emarder1n,LoQzRv6wWf,floor,65
61,sbunker1o,Bu1Locw,internet,53
62,folivie1p,Tfj5CTK,manager,10
63,ucassidy1q,J3Rl6Oxp,manager,15
64,ebattrum1r,F6C3KOj,manager,23
65,lroadnight1s,sHzzqroFqT6,manager,35
66,rgeraldi1t,WXsMSsd4qccR,floor,79
67,hgodart1u,9AU5E2sDPxr,floor,4
68,pherrero1v,Uggn4FCsJ8io,manager,9
69,jouldcott1w,81n1eUT1h,manager,89
70,jfearnside1x,E1X9wQQR9,floor,23
71,cmeaney1y,JuzUXExOBpft,manager,97
72,tnudde1z,UGWrVFPmLAP,manager,70
73,bsealeaf20,vJuzQwiuj,manager,85
74,khaselwood21,JS4VQmDQl,manager,27
75,skollas22,cts8tBLNli4b,manager,53
76,jcrippen23,PMruvJypFEKL,manager,42
77,jgoracci24,gTIWYYI,internet,76
78,wpaler25,3nTE0dAWC,manager,5
79,rdickings26,4RKl2Xmo,internet,76
80,lgobeau27,ZNvjuyp,manager,20
81,reckhard28,W0fJbPKraR,internet,80
82,bwilse29,f0kpo11rm,internet,70
83,aorudden2a,kJZ958Jb,manager,74
84,afulloway2b,nC134YwPSQcA,internet,39
85,lpoat2c,xY1IMnDMW,internet,62
86,areah2d,Bw0aL8Uj4T,manager,13
87,hkuhnt2e,8eclc1xBXk,manager,38
88,fjarlmann2f,3KuAk1,internet,23
89,apiggin2g,eKtPZO4,internet,58
90,jhacquard2h,OSpGw3v,manager,55
91,etomasian2i,7V6lBG0Ep,internet,48
92,hvenneur2j,l5Ih5jyQUaUA,manager,80
93,ggabrieli2k,PWq2d2,internet,61
94,mscamadin2l,UYBY2fU,manager,46
95,pmaccole2m,YcuXk80jDo8,manager,93
96,cdurnall2n,roLZVimB,manager,58
97,dashment2o,NaOhM7mWTk,internet,67
98,mschachter2p,XKLt8LiEQ,manager,62
99,tkoschek2q,dbcelC,floor,26
100,tattenborough2r,DDsoJdaXZtMI,floor,52
101,cmanlow2s,oWhmQ7tlHKH,manager,31
102,bdrewes2t,z3KF8Gd,internet,77
103,tpedgrift2u,4DXTOn,internet,62
104,epatten2v,47IPzL,floor,49
105,mjendas2w,xehwVC,floor,85
106,apatis2x,wKmgtLJ,floor,70
107,hkobsch2y,9W17zqMfdJp,manager,86
108,gdowers2z,EOFopdPq,internet,48
109,rgatty30,aN64POZuaq,manager,90
110,hroizin31,ls6Th1ZlJ,manager,45
111,tspillane32,JY5lleN7KZ,floor,67
112,sgrinishin33,0zDcD6K7O7T0,manager,24
113,lreadett34,QGBllWpSyy,floor,60
114,fdavidovitch35,UUOn89K,manager,43
115,fbarge36,tpzzYs0BnB,manager,98
116,fthorneley37,wi9wqpdwwnTh,manager,36
117,tvarty38,qwByqw,manager,46
118,dwhiteoak39,huntomov5,internet,60
119,jriach3a,lrmNgCHir,floor,24
120,aive3b,kbpbMZkiXvqD,floor,90
121,peckels3c,Xz58NrGqpvwh,manager,58
122,njoel3d,Y3IZ1l2tNjL,manager,71
123,esenussi3e,PErpgS6C4h,internet,87
124,ariseborough3f,aClnJrnn,internet,18
125,ncarneck3g,5mnzD6xilb,floor,30
126,iscragg3h,xrknftlNTp,internet,88
127,sgiacopini3i,Jz1zrzruA3P,manager,71
128,csertin3j,mgeQBYGTzu8C,manager,70
129,sbrew3k,LJDMAuixHHE,manager,97
130,pfeasby3l,LyTFUl,manager,23
131,lmumberson3m,NbE7jO4,manager,65
132,sblunkett3n,yCeOho,floor,55
133,sharrhy3o,dEFka4rh,manager,42
134,rjancey3p,1fyXgT,manager,72
135,vremnant3q,jC6nCA,manager,0
136,mtrodd3r,VcmWxuNVD3GT,manager,58
137,twhiteland3s,ZM5fVsN,floor,61
138,cdunne3t,U5Gk1yBvFc,manager,6
139,bgalliford3u,4HveDzw,manager,98
140,hmarke3v,up1wV95gZ5,manager,89
141,floseke3w,aAFxC0iNe,manager,14
142,ccannan3x,OWm5o47uBWBq,manager,83
143,aferraron3y,WNlPtcmSby2,internet,75
144,cpulver3z,tzUA5Dz,manager,45
145,peliet40,wwWN5bE91U,floor,56
146,mpascoe41,hR2rata,internet,21
147,rgoodger42,sMBpklGA,manager,65
148,eblackmoor43,2NOS0IM,floor,83
149,gwedmore44,kspGw1HFG,internet,7
150,pdugdale45,gcfxeY1oK,floor,84
151,ccrickmoor46,o08CaFwd,floor,92
152,hmaillard47,j4V7Z6ME,manager,54
153,vbuffy48,fORdzhLUwWkl,floor,99
154,fealam49,rLpW9TV,manager,15
155,cpasque4a,Oftz9HN24,manager,2
156,fokker4b,fUc1GK,internet,4
157,achurching4c,3X0qlVmY5,manager,2
158,vlampke4d,geu6sz,manager,48
159,fwhitsey4e,ZFgqpi,manager,5
160,sbrizland4f,RsBHyeXjLPl,manager,30
161,lspeer4g,hLLa0d,internet,50
162,bjanusz4h,0kJMk3Wnt,manager,91
163,klasseter4i,JwjdDmotGaC,floor,50
164,ecassar4j,3eDvWwL59hN,manager,5
165,ripsly4k,RlMr2OS1ED,internet,23
166,jlazonby4l,SF1VZLsRBsZ,manager,85
167,rstede4m,fcWY2aK,manager,24
168,nkettleson4n,tjSxgCRvpV,manager,95
169,dlassen4o,rdIloBWabQB,manager,6
170,dusher4p,pYIhVCUizE4,manager,86
171,gtieraney4q,0twFhNJal6k,manager,84
172,jcasaroli4r,1K8jYHG,manager,92
173,esealy4s,H48K8hZpT9,manager,7
174,rpowland4t,vRTPIYK7t,manager,56
175,rlukock4u,jqQv7rF8,manager,96
176,ideverson4v,TSxzCZivR,manager,34
177,cmerryfield4w,vAHrMqBOQ0,manager,68
178,othicking4x,y6FtuGR,internet,25
179,fcarden4y,f2VK014P,manager,59
180,rsawyers4z,U8bSTo,manager,54
181,sroper50,XEYH9cPRoeg0,floor,43
182,draddenbury51,ohA9Ypn,floor,71
183,jberick52,QNY2CbpR,internet,91
184,jgowans53,A756sK,manager,88
185,ehaslen54,ZtV1VVSP,internet,52
186,bthumann55,OW9cYI,floor,13
187,lpattison56,3fjLGhMS,floor,64
188,kchilderley57,vTWC5S4ogQz,floor,51
189,bmadill58,LBuBPi4Cj0h,manager,86
190,jreaditt59,9DtFSZU2ozc,floor,50
191,mgemlett5a,zFoHr9KmLvb8,internet,27
192,pwoodfine5b,Fw5DCtg,manager,39
193,kstanger5c,7QpgfMIOJs,manager,3
194,rcumo5d,QmbpXm02,manager,58
195,datkyns5e,7JHjV7,manager,35
196,avanichkin5f,4WJd30ojFWl4,manager,46
197,amcgann5g,qI7UfvGTKfAu,floor,36
198,kmollen5h,3VnQmnOvMO,floor,55
199,gkempston5i,UeW3qQeHr,internet,99
200,kankrett5j,31T2yk,floor,53
201,atilliards5k,BOxOWC,manager,20
202,jhillatt5l,EaCXRLljKqt,floor,76
203,jgolling5m,hHb3m6Kg,internet,84
204,divankovic5n,jr33bc2J6ht8,internet,19
205,uarnoud5o,OWDtdmkIX,manager,10
206,wrawes5p,Fjp3JgDM6Ei3,manager,35
207,jkirrens5q,qMc4GlUJf,internet,37
208,wpettinger5r,Ym2Uho,internet,67
209,agullberg5s,uDtjiFA,internet,54
210,wdebeauchemp5t,oA0lLdSt8,floor,4
211,sfleet5u,b4JomDdi,manager,71
212,mrehme5v,TJ0wIOjKZBGc,floor,37
213,vhasloch5w,djE6Ic,manager,49
214,fmiddleditch5x,UxjM6BAv,internet,47
215,sbaggett5y,zOwch5QPfk95,manager,62
216,gblinco5z,bEP1pse,internet,65
217,jstreeton60,ZSC1ehF,manager,29
218,acamings61,KZ5r2PWh,manager,28
219,dpiggrem62,z69hDYk84MD,internet,31
220,phayne63,DZ7hVXq7,manager,12
221,dudell64,lWYieTW,manager,69
222,lvoce65,ZQoEmRCQM,floor,8
223,kdidball66,7xKqlOx6pg,manager,29
224,meverex67,Uu7ifP,floor,37
225,dhatherleigh68,TQ4tRxvp,internet,18
226,cvankin69,zifQam,manager,68
227,eathow6a,JmM6Mp,manager,66
228,dleadbetter6b,v36j0aXe1VQD,floor,54
229,mfippe6c,urOQQYk5YW,manager,54
230,efero6d,8s30MF,manager,3
231,cgwynn6e,8T8gaXsU,manager,17
232,kmacsporran6f,lo5sg2Q6n1,floor,53
233,bbowling6g,qN52VaLo,internet,73
234,npougher6h,f1ryybA,floor,62
235,jzannolli6i,dAza34,internet,94
236,srodda6j,3wnlQd8,manager,36
237,mjuggins6k,EWMayff29P,floor,30
238,mwalley6l,Tf94VQW,internet,74
239,cfratczak6m,LfheoD1wjdX5,floor,3
240,hashlin6n,HxO4ld,manager,5
241,uedwicker6o,IRiFliCSe,floor,68
242,jmosdell6p,Kc2CFr,manager,62
243,mash6q,Wn5P7qxDcI,internet,16
244,pgozard6r,UUooD3v,manager,54
245,mgaythwaite6s,VDO3CfsWFpm,internet,65
246,spenna6t,9q7T8Rt,manager,13
247,dthurman6u,H2KXJHY2B,floor,60
248,lpynn6v,loKOerJcE,internet,10
249,ltwining6w,fE87Ct7Y,internet,43
250,cnewbery6x,iQj5BpPGi5Xs,manager,84
251,ufranies6y,MOijVm,floor,57
252,bstanlike6z,8LscI4rX,manager,5
253,dhicks70,OXXrByI,floor,25
254,slaba71,uUVle2,manager,4
255,rsavatier72,mPZAK34i6x,floor,53
256,cpluthero73,H1iaNZKqV,manager,80
257,qbrosoli74,rLAaXis,internet,76
258,achristoffe75,Fp7RdW,internet,27
259,shonnicott76,91bIS5Z,internet,9
260,gbayliss77,TyjlTaXhy,internet,66
261,wesbrook78,L5IOZ9RUVti,floor,18
262,bbeer79,U8rkHdvS7Am,floor,78
263,afettis7a,ggLiH3hN0,floor,61
264,cchristophers7b,raHAUsgLZi,manager,70
265,htollmache7c,DSxfLy,floor,51
266,sfrake7d,2uGQBjXkK,internet,22
267,bmethringham7e,hTeOWTaCUvU,floor,69
268,bbrayshay7f,eMZN2h5T,floor,35
269,jendecott7g,mskuWPHGe,manager,76
270,scyson7h,UPBPCbG8n,internet,70
271,ndesimoni7i,Seoe1w4cwFOL,floor,23
272,alounds7j,fqa6LYX3,floor,86
273,xdemer7k,yq8ZuKJTU,floor,10
274,bdow7l,nOPeLsQz2o,manager,97
275,kfairbanks7m,PmufIlAECMjV,internet,5
276,melgie7n,PqAQI9rWdLQP,internet,87
277,ccattermole7o,WgKyk2,floor,63
278,rruddiforth7p,CLpkGeQ6,floor,42
279,dhundey7q,Vd3PKlXnJoMu,manager,63
280,kstanbury7r,on8X5eS2pGA,manager,46
281,hrosendorf7s,UuhE6OUuiw2,floor,49
282,agoff7t,OOjwWu,manager,17
283,epiddlehinton7u,GwLci3nW2OT6,manager,43
284,mwolfe7v,4JEUTnM8R7Y,manager,16
285,tbrighty7w,LzANKyW,floor,29
286,brothermel7x,a5lKni,manager,94
287,mgronowe7y,1XBxHR7vfAUg,manager,67
288,jrosin7z,zp1IrkK,manager,42
289,pbillison80,xEHXo4h9,manager,88
290,vpadgham81,Y9Om11lS1Hla,manager,81
291,udavers82,4PV7eGP,manager,27
292,gbilbrey83,YfW4rw5tkXCB,manager,52
293,sdmitrievski84,VrvAS3fmeR,internet,34
294,ggoslin85,uZatWLC3WS,manager,82
295,fasee86,2ZJMnGMKd,manager,89
296,aviant87,JHmVKqsfxjHG,floor,9
297,cborrel88,NIS1TyDjbCG,internet,61
298,aragborne89,8yjHJBK,manager,55
299,rpieracci8a,5Qd3V2OaCoHH,internet,57
300,gfaragan8b,N1kDC511NNK,manager,95
301,prozet8c,surr90GDscn6,internet,22
302,gheakins8d,ElNRnN46hkoV,manager,19
303,wbuddle8e,rdQUFP6Fhfjz,floor,72
304,epoleykett8f,3u0emD9UcQJ,manager,90
305,wmushawe8g,PrqMj6k6hqwV,manager,4
306,nmulleary8h,89qWQj,manager,87
307,fcarlile8i,ylFADSO2VJHA,internet,31
308,aespinola8j,c2jamStS,manager,7
309,asugg8k,w7VUwS2H,manager,44
310,vkrollmann8l,njJQKEz,manager,13
311,mfowles8m,wwM0elFa,internet,67
312,cthomasen8n,Bb3cw0,manager,32
313,vkier8o,SYhKwc,internet,74
314,ggrzegorczyk8p,iscLvYXTZUB,floor,61
315,dspini8q,7Sx54NZKG,manager,19
316,rkerwood8r,UQRhX9,floor,81
317,ldocker8s,kpxZJ8j,manager,2
318,marntzen8t,LLSdzH8Ztppd,manager,97
319,gever8u,1fkU1EGH5,floor,28
320,avagg8v,lxCI0Q,internet,5
321,adureden8w,awDFk8L01tOb,internet,59
322,hferreli8x,KeOHKz,manager,93
323,jbraundt8y,5KvuU00x4EE,manager,15
324,tlaugharne8z,NepBaHSA,manager,40
325,aizhak90,txAAwWnJQT,floor,37
326,rscroggs91,bbzERp,internet,61
327,asegebrecht92,PIS6jOP,floor,25
328,nlappine93,la797CTQ5w,manager,30
329,jduhig94,gxjG2L3Ej,manager,87
330,zlanchbery95,4Bg63ZlAH,internet,32
331,kbohills96,khjEBuXDSF,floor,73
332,etregunnah97,gcGuct3,internet,76
333,dcavey98,hdaoEVA,manager,40
334,cfitchen99,7bQvszsS,floor,9
335,amclay9a,pdv2ruiko,manager,96
336,bbrandacci9b,FMrfqt,manager,82
337,cclutheram9c,CCtiDIYRpHYZ,manager,61
338,dwarburton9d,7jJTHlnuiZ,manager,82
339,krootes9e,YV9YhoUqWjkb,manager,76
340,dstollsteiner9f,BBVRZgW31R,manager,24
341,theinlein9g,cU7ohLWmCm,manager,24
342,ashipston9h,kt9RLfS,floor,27
343,cpipworth9i,RAEJihpqhA7h,manager,13
344,aliggins9j,6pu30QdDwO,manager,23
345,cjanodet9k,NxlNoCd1INS4,floor,95
346,wluckings9l,XbmEIW,manager,97
347,mbroske9m,Q5PXfa1bp,manager,49
348,cmaciejewski9n,VC9F290Q6x8,floor,34
349,ssiddeley9o,I5SaQp,floor,66
350,ecarvell9p,j2hwvwyUxm,manager,73
351,mwong9q,xCYLE10,floor,53
352,pbockett9r,Cth0Yl3GBw5w,manager,49
353,kawcoate9s,G278wrYe0,manager,53
354,cuden9t,2eGhsi,internet,56
355,ohaggith9u,yUir0P,internet,30
356,ssearjeant9v,q8XOFIpa,internet,52
357,mstoppard9w,ypENCmcRp,internet,18
358,emabbitt9x,ncfJbXdf,internet,49
359,mspaunton9y,2UnRFy34CL8,internet,16
360,aclopton9z,8cZIR3Uo,internet,98
361,gcookea0,LfCIwi3XSy,manager,77
362,mburlaya1,jgbuGPe,floor,3
363,bdunbabina2,zybPwN2yDIF,manager,75
364,washbya3,1jTfWf,floor,70
365,xtuveya4,0f3Uq7,floor,36
366,lcreggana5,3MdxGCV,manager,49
367,fbultitudea6,Fqgm64Q,internet,30
368,kchristoffelsa7,9wMdTkcenp,internet,18
369,avalianta8,mlmWHc,manager,57
370,ascoterbosha9,RmIo09tiHv01,manager,57
371,tverriouraa,1kWGynuyWb6L,manager,29
372,ptippinab,awcNwVt0,floor,66
373,ldeavenellac,aMgGYmcb,manager,14
374,dhellikerad,WMZLrd2G0igo,manager,16
375,sfeaverae,5dqIr4T,manager,51
376,hbedleaf,pYJYmJozCk,internet,62
377,ddelaneyag,HTk7F0,manager,45
378,mcuellah,iPWMxYPASDAm,manager,4
379,lterrisai,USyGsi,floor,30
380,shounshamaj,eGlmGEbuzPH2,floor,75
381,eblackabyak,CRZ7dEGBCd,floor,59
382,rdumiganal,Hi6S9zl9j8rG,manager,79
383,mhordellam,kxl9cb2yLrc,manager,25
384,smcillrickan,ewsKnQ,floor,73
385,cbouleao,Alg00ZzZC7w,manager,25
386,ewipflerap,BSMgv0sKmI6,internet,7
387,whavisaq,eCemRuiGV14,floor,90
388,rcarettear,XmGBUJzVuVEl,manager,75
389,bhellsdonas,dTMq79P1,manager,30
390,pnoeat,VDetuz,manager,50
391,mkiehnltau,EGvqGscc6TS,internet,34
392,tmarxsenav,XdidcyLllU,manager,61
393,lstjohnaw,XRwYdohw,manager,32
394,nshuttax,QMrgxxfE,floor,85
395,icrosonay,S9LXzf,manager,85
396,etareeaz,61fS9hZPf1,manager,23
397,htyresb0,8utHWAIGnHb7,manager,25
398,smussettb1,3GXajjESsln,manager,14
399,mlaceb2,kcbPLEOyjv,manager,40
400,jantrimb3,57ovz4XQF9Qm,floor,83
401,jmaccrannb4,0ckh9TF,floor,52
402,bphalpb5,bppAIvNJ0S,internet,24
403,tbevirb6,WDphcZM,internet,97
404,nmillarb7,rjqwk2bxKg5,manager,59
405,pleopoldb8,0IcXe577I,internet,97
406,cnasheb9,GZrKQvbW,internet,60
407,crottgersba,PakVzUe1eV,internet,99
408,ewakefieldbb,jnHET0Wule3,manager,37
409,kpleasantsbc,bIDjOCi,floor,2
410,mlatehousebd,A8MGnai04,manager,6
411,czahorbe,uS1QhBgON,manager,10
412,vcortnaybf,2EFkz8wrhP,manager,95
413,rfaullbg,G3bVbsLA,manager,34
414,ztrunchionbh,Tt4c8Jq4,manager,73
415,csansunbi,5ygmudHGarjt,floor,12
416,jcrewsbj,e8OVXPIapmk,manager,59
417,lleighbk,Q49Dsyj,manager,71
418,dcaseybl,kVNGBKwoSbk,floor,25
419,bbrittanbm,iTPaloo,manager,30
420,ijoppichbn,3jYSjPS,manager,3
421,sheafordbo,0kWIhVfiV,manager,55
422,rgobbettbp,LMFUa4gFhcz,internet,34
423,hitzkovitchbq,dm1CGSZHtYbv,manager,52
424,bmavenbr,q7aocb,floor,96
425,emillbergbs,Mq4slH1D,manager,12
426,mdilgerbt,pyulqZA,manager,92
427,ublincowebu,yoHIugTa,internet,96
428,lianinottibv,uzm76U0,manager,8
429,runderwoodbw,Py3YTukazF9,manager,33
430,bbruckmannbx,vR3ZLg,manager,40
431,bsuppleby,5HrPi7sp,floor,75
432,lbaynonbz,SWYbFUJauHP3,manager,14
433,thessc0,pIHoX6w,manager,36
434,gbruninic1,uTR9DFxN,internet,70
435,tgostridgec2,mpn0bBgH,internet,50
436,jlynthalc3,i29OPT29,floor,56
437,nlottc4,uaeP2yiv8m,floor,77
438,apashbeec5,NkVPAqqwB,floor,83
439,rhamlinc6,Jx4gJpc2EA,manager,69
440,lmeachenc7,8QLt99Hn7Ftl,internet,99
441,aspringthorpc8,2owpZEI9X5cc,manager,70
442,sblebyc9,0ckn1vO2Wo2,internet,64
443,nllewellynca,YRVDf61,internet,31
444,shounshamcb,JP7JuOXyVf,internet,38
445,dbiggcc,5oLLtY6M,internet,64
446,fcroughancd,XuvltEH,manager,65
447,pwillesonce,WwPAVer,floor,4
448,lmacavddycf,XoE0oPSZ06j,manager,65
449,nnickollcg,QgKg8sbDzO,floor,56
450,edrummondch,z763qkpIPp,floor,74
451,gcasirolici,TCI42zG,manager,92
452,aenevercj,gOHvRk,internet,52
453,emerringck,piz1pvNwALlD,internet,81
454,kkeenlaysidecl,2P34gJx,floor,40
455,uspourscm,CwM2bEz,manager,75
456,hleescn,cMivEj,manager,49
457,eepslyco,ManieGWj3OGV,floor,89
458,skhomichcp,48VUn5,internet,90
459,emcgraffincq,4TrQttDdG6,internet,71
460,tgoviercr,4JPFYXc,internet,55
461,abealcs,y2aeKw6G,floor,3
462,aspaxmanct,eeC0n5aTZ,manager,7
463,mbilbreycu,Yl6cZ1,internet,1
464,fblewettcv,90Bm2R,floor,72
465,ndarkocw,37e8WnxswWs,manager,99
466,rfitzroycx,WheBTEAeSY,floor,26
467,sdilgarnocy,KrZlSjkdQM,manager,62
468,rfolkardcz,BuK40yqoMwav,floor,49
469,rhuddlesd0,sNzXUuDlu2T,manager,22
470,sfrancescozzid1,ZkMW7vRJeoig,manager,66
471,jbramhalld2,F8ZMVsbR8RU,manager,38
472,gbrockwelld3,gMN4tLBQd,manager,25
473,dloted4,QEVLKiDOOu5R,manager,9
474,mgorgld5,MKko8J,floor,25
475,bparcelld6,yvUZ9ewTEN5B,manager,31
476,toverald7,8sGUUA,internet,60
477,rmothersdaled8,6jeQiFB4,internet,30
478,qlosselyongd9,a4jk0ZlWHQ59,floor,84
479,cbarrarda,dSiSvLUkgj,manager,58
480,iredrupdb,FP3RNeVfIXC,manager,59
481,ileicesterdc,yaP65Cl,floor,60
482,gurendd,3De7ch8,manager,90
483,asawersde,whM2X5bPHj,internet,35
484,awinchurstdf,UGZgOk,manager,61
485,rgealdg,Ew8xn46E3J,manager,1
486,ybirdsalldh,9R69N6Kn8v,manager,0
487,fmaccostydi,cuL7yfJ3i,internet,27
488,gsevilledj,aOFLJqG,internet,17
489,ctunydk,LTEaxQP,manager,28
490,rcruxtondl,7PfGcG04s,internet,9
491,belcoatedm,NZlQqX49ZsK8,internet,52
492,tmatschekdn,B3glRzi,floor,71
493,tmcgurkdo,0Lk5ss8,floor,95
494,anicedp,Y9ZBpqLvFfKc,manager,58
495,tlarkingsdq,96Vq1x64pxh,floor,8
496,pperillodr,urarJxHCSnI,internet,45
497,cwittmands,GE4FC4Yygbn,manager,50
498,bgowdiedt,3LEn5ddJB,manager,15
499,hsantoridu,LqXDSIlatBzA,floor,16
500,lshaddockdv,bq9LZeNRFS,internet,57
501,jsawforddw,Vd89AA1MaC,internet,23
502,wbeecroftdx,WsYSly,manager,27
503,dfelgatedy,y3vatOazOgD,floor,85
504,ghanigandz,M8m0ChvkBH,floor,55
505,jstarte0,GLwqUqb,manager,60
506,ahendriksee1,nsrs1CUFF,manager,48
507,cfullbrooke2,26BF14QiCZsN,manager,66
508,kcrawshawe3,qVJSEafgUfNB,manager,93
509,atellenbrokere4,5sqxGS2dC,manager,87
510,vdenyukhine5,x2yXPMi9Tr7,floor,36
511,ggeffee6,7AtrSYQWGpp,internet,80
512,tleckiee7,ihWKcPEZ,manager,91
513,mcrombleholmee8,3j9eTAHUsURF,internet,84
514,boskehane9,65UpXp,manager,62
515,dpoppyea,AW9Y7x,internet,15
516,fraisbeckeb,YaZH12OVu,manager,74
517,cmoraledaec,uSszA8qVh,floor,17
518,nlovelled,XMqoJk,floor,84
519,afassmannee,PDhjdmCeNdIc,internet,63
520,ksatterleeef,qaRIIUMnR5,manager,85
521,nwavisheg,oMH3xnW,manager,59
522,bowereh,n3P9bpVJ,internet,68
523,mdycheei,SMBlvb6a,manager,21
524,hyglesiasej,eSOLSvKcZ,internet,24
525,jsnareek,oBY3U5,floor,94
526,hwalkleyel,8pokIc2,manager,20
527,esummerscalesem,RqDbJV,internet,90
528,tlubertoen,xOw8nGfmcm3N,floor,97
529,dliebereo,eYlyoj,manager,48
530,skittoep,0EvsqxAMh5u,floor,81
531,tgarnsworthyeq,o48cmTMj,internet,34
532,aalbutter,X43sWxT,manager,17
533,amorrides,BDLYSdnw8vRF,manager,73
534,kscreaset,oPiUtcmh,floor,55
535,bspehreu,htzGbPw19SFP,manager,14
536,rtrathenev,1gJqBrgvmz,manager,92
537,cloraitew,jKu2JVVBfq,manager,54
538,bbysouthex,AzqXYfAbutGd,internet,76
539,landreolliey,vMJOOKD,manager,3
540,hdownerez,Vg6PE43xv02y,internet,56
541,shousamanf0,PioTFmrSrSL,floor,41
542,adysartf1,7AUUvKM6X,manager,58
543,abellochtf2,ze0MtkHDAs,floor,58
544,mglaviasf3,FGOs9ATHWuu,internet,95
545,aclemenceauf4,WpHoKE,floor,22
546,nchaudhryf5,uHYi2gr5H0,manager,28
547,ewolteringf6,F4xR2W66O,internet,62
548,ssainthillf7,4G4Mm3rfF,manager,23
549,tletherburyf8,kbC8X88,manager,83
550,bchrystief9,9b7fnKmt,internet,46
551,dhartridgefa,UOEoJWssH,manager,5
552,dtipperfb,WZ95CyzP5inl,internet,91
553,apanimanfc,QQ8dPfO9h,manager,50
554,jclethrofd,gXWb0BeyajPG,manager,82
555,imactrustamfe,yzGZA3yli,floor,42
556,tsaladinoff,axkof4,manager,34
557,ebustonfg,6YzmrK,internet,47
558,arevenfh,QP5YuKK9,floor,29
559,nfuchsfi,my1czh,floor,51
560,vavramovskyfj,hUyRO4IVo0fa,internet,87
561,kjenkynfk,3wA4wa7kmco2,internet,11
562,clongmeadfl,EzIwhJ,manager,30
563,bmenichinifm,i6O3wp,manager,13
564,snobletfn,gdt2ji2Mp,internet,53
565,jcadyfo,WE0GxxaadN,floor,21
566,dcobainfp,yNHZ8ZyIr,manager,13
567,cfifieldfq,QC881IxOrng,internet,14
568,mvaderfr,SeplYu,floor,12
569,xwrankmorefs,xHejRS,manager,36
570,rmartschikft,VZ0dkVV0lz,manager,85
571,kdougherfu,mFCq1ug6,manager,65
572,karnelyfv,EAsDmqM0BJ,internet,26
573,pdeussfw,wqFzMC,manager,78
574,kmintramfx,YSjGwW7a2yqz,manager,82
575,kstillefy,TB4VDctEYD,floor,34
576,ckleinmannfz,1TObfiiq,manager,3
577,mcundg0,MU2JEsGOI5,floor,17
578,cbilbieg1,1XzNG0xe,manager,48
579,azoephelg2,hg9NJdT2EzQh,manager,21
580,tshentong3,6DoLqt2,manager,81
581,lcrouchg4,6ORkByvJb0X,manager,55
582,johmsg5,UZCfyBH,manager,98
583,cpantingg6,bhstBmYPr6,internet,45
584,mclemintonig7,oQ1TDw,manager,0
585,jchristescug8,KaIg154,internet,35
586,lcastanyerg9,AjsSpkp3TC,floor,59
587,rtomickiga,g2lWSfgi3,manager,52
588,hgerredgb,glQQ4GdpL98,manager,20
589,bpinardgc,IaVyaQ,floor,50
590,sjoseburygd,MnSjn2,floor,40
591,arickardssonge,Jw3KJqel,floor,58
592,mwhitseygf,8R6vzPF06,manager,81
593,aaustwickgg,9xyHzYWi,manager,96
594,asimestergh,irmWD22,internet,28
595,zbordissgi,TMSXdE,floor,38
596,dwinkgj,LXIbMW,manager,3
597,kbelliardgk,MK0Stk,manager,48
598,emoxhamgl,bOpHIcYqJ,internet,73
599,tfuzzeygm,PueSlSYPH,manager,28
600,sfenichgn,yeLtzOeJDr5,internet,1
601,amasseigo,qzilitCV,internet,57
602,lkleinhausengp,R3UxSIw7lsyz,manager,84
603,mricciardelligq,MUidUt,manager,39
604,vrosternegr,diIRiTwUa1,floor,71
605,fellwandgs,iTV0wop,floor,59
606,hanselmigt,ubfAy5HZuXRh,manager,90
607,cengelgu,GcAXOE12V,manager,87
608,kgoulygv,L3aHvzH10,manager,15
609,fmaseresgw,4To5o83TX,manager,34
610,fkingsnorthgx,7NnC3HgG,manager,53
611,mduminigy,vtBQzuMBJOp,internet,67
612,vspentongz,w5fbsqL,internet,1
613,dkeamh0,AQsqFJ2F7,internet,10
614,ghodgeh1,FdWgE3ZqKWQm,internet,27
615,cmouldsh2,YoGZgEZ,internet,33
616,yziemkeh3,NfnNbwKYI,manager,86
617,djanczakh4,6ycc54,internet,95
618,ltingcombh5,YJj9s4Rx,manager,27
619,csowterh6,rbrHNzBoLW,manager,22
620,orehnh7,tAlxO5IoCzzs,floor,92
621,vpavelkah8,Zu8i8RMJk,manager,10
622,cjakoubh9,alTH6M8NQj,manager,83
623,kewbankeha,TrKtfRVL,manager,3
624,cwacehb,MeIE5D3,floor,41
625,btiptonhc,AgE8CI,internet,94
626,lfittonhd,9zfoHKinwWzn,floor,77
627,dmeighhe,ObYJn42dmDB,floor,95
628,gkrochhf,V0nhpup,floor,71
629,bgriffinhg,g3uW5kJ,manager,30
630,icrenagehh,72qVdNtvS1i,manager,54
631,mantonescuhi,ANtg6M,internet,53
632,hnugenthj,9BD33ITa,floor,58
633,ebanvillehk,VajviuRn,floor,90
634,ayokelhl,l16YN7JM,manager,84
635,gcuberleyhm,3KF9vDU3MUxm,internet,99
636,rsegrotthn,nKMUTO3MHG,manager,3
637,aprendeguestho,tIFgkmH,manager,62
638,wgilhoolhp,y6Xl0K,manager,40
639,aswiffinhq,NgDeU0GN,manager,54
640,rfitzroyhr,CmltmP,floor,17
641,hklimowskihs,n6qA47PufWU,manager,82
642,ptweedyht,Op5P7jl5XU4,manager,21
643,akelstonhu,X9xSLKwxY,manager,41
644,cradcliffehv,w2eZODaYln,floor,61
645,tmilesaphw,USeuQb,internet,48
646,kcrotchhx,TLh2VOdW7,manager,34
647,bmanninhy,QLylcbQwrrVd,internet,32
648,gmoodyhz,PRstrPPHU,internet,36
649,ecomazzoi0,xK4iwjD2eI,manager,32
650,kmuggi1,1W9LEY2bQ6QG,floor,62
651,scharrissoni2,LAiNosvrXMe,floor,1
652,abradforthi3,p16a6kFe,internet,28
653,ahuglini4,KNHOB3,manager,22
654,enearsi5,mHWcxKQIbNe,manager,48
655,cgenti6,riySLP,floor,93
656,scherni7,9cQzMbgCB0zC,manager,79
657,mupsalei8,WS56qS3K3,floor,62
658,sacklandi9,3Ae95USzj,internet,46
659,dgreenroddia,mlnBzcwBlte,manager,32
660,mblayib,XnOod6,floor,20
661,kherremaic,WWoo9yKBBW4,manager,3
662,gnapperid,hNXpiF,manager,14
663,ddowberie,KM4cUC2LT9j,internet,15
664,ahardcastleif,oAmDwlZo,floor,64
665,gbrearleyig,hL18mazSy,floor,75
666,bsavileih,qeGZ6vzu7iw4,internet,30
667,pstraceyii,0M1TVIHoWE,manager,31
668,dwemyssij,EqWgSuq3aHp,manager,23
669,mrickasseik,wIfubOsyYSQ,manager,39
670,ccatonneil,nOfv0bQSeUx,floor,22
671,rbuntainim,t4D149,manager,50
672,bkeefein,FgpI3AJ0,internet,12
673,lphinnisio,h9Dewf41,internet,47
674,ntoolinip,mR5sNbSrch,manager,42
675,fdinaniq,P2r9LeoIRake,manager,37
676,dalleryir,sdRqaf8fc,floor,59
677,mdittis,jWQ7SrDi,floor,9
678,hveiversit,BBB4LC51,internet,13
679,vasprayiu,GMtMbXxgreF,floor,40
680,mspreadiv,hBj2IaO,manager,5
681,ywithulliw,IK2qrQh8s,floor,37
682,cthebeaudix,JyBiQA4zCGRB,manager,63
683,blismoreiy,ITdvVKkm,manager,24
684,fdunsireiz,nO6g0szSxAF,manager,60
685,jpurringtonj0,vCfs7EbX1,floor,66
686,epellj1,5lstfV8Lu,floor,71
687,edesvignesj2,eJEFEjm3Hn4j,manager,37
688,etuffieldj3,VYFKje69S,manager,30
689,marnefieldj4,1ysM8J5,manager,12
690,sgrasj5,JaadIGV,internet,32
691,fworsnipj6,QMtVWt,manager,14
692,oreimersj7,B7ejhjWZjPv,manager,6
693,gpestorj8,AB9Y0WGcc,floor,38
694,rhallwoodj9,38AaeOSiDak,manager,79
695,smeighanja,xV48qKI8,manager,3
696,sskermerjb,hGLd1Bi,manager,18
697,bgrassijc,qaozpQ,manager,7
698,ymarkjd,tlwmjZE3Dhst,manager,83
699,gvelezje,LThLVi,manager,16
700,hlangmuirjf,tHI7mMWoo,internet,84
701,agrumelljg,YkdXNNDZ,internet,71
702,rcolleltonjh,H9HXXo8PV,floor,65
703,ebonickji,vScRVs0XO,manager,87
704,rlabatjj,124sGLC8rcj,manager,30
705,lmccorleyjk,oY65UDcAEVS,floor,78
706,ichicottijl,fT3RDn8q,manager,62
707,hduckelsjm,B2yjjEYtIa,floor,33
708,ctchirjn,uwTaFfw17Q,manager,80
709,nartzjo,ZxG2Fy,manager,28
710,sdebruijnjp,ognOlqfX,floor,81
711,jdudderidgejq,67a1U4E,internet,88
712,fdewerkjr,lOnLSxT9Q,manager,62
713,hdwyrjs,Usmcz5GrmN6,internet,85
714,jluciajt,YeUEroKyE4Qs,floor,82
715,mtortisju,9bMC1Cm4,internet,43
716,fbendinjv,qDsVTFGF4Ai,internet,23
717,nhaselwoodjw,wIdAtaxTET,manager,69
718,jvandersonjx,M64pW4oia5,internet,39
719,msumsionjy,5QCe9K,manager,85
720,gbethelljz,qtPUFxvG,floor,58
721,jquigleyk0,ylCSB7LvpkU,internet,67
722,hmcmeanmak1,FAUwP85GfsE,internet,25
723,bnaveink2,cWsmv117UQ,manager,38
724,jburwellk3,axvg8kuZ,floor,21
725,cwiddocksk4,x9wHUg9,floor,78
726,dcorbertk5,qhSoiT8qj3JM,floor,75
727,lcahank6,1mYFV1qnUzoi,floor,4
728,pfellgatek7,053jCWKet,manager,41
729,fkennewellk8,7enIF0f,manager,88
730,sdooneyk9,Ay8QDr7NQ,internet,5
731,bklimentyonokka,sv6jIGZg9i,manager,56
732,kblazewiczkb,tPPZXHpiH6e1,internet,91
733,tlarwoodkc,cOesuH65RKv,manager,49
734,dkerinskd,OwmtWpA6wW,internet,99
735,hpatchingke,ExKCYUhF0OB,floor,51
736,tcaleykf,DnVk9f04oDMj,manager,21
737,dmaguirekg,4nvHC3YKgcKs,internet,30
738,ccowleskh,Xnrpc9M2D,manager,98
739,icosinki,gfvoCb,manager,68
740,vbladekj,Bpb4ilwcTx,manager,58
741,fwalshkk,2OvQVTniGa,internet,70
742,bbegbiekl,Wb8GIccCo,manager,89
743,mcashellkm,5GLwP1rOL8,manager,38
744,cpinckardkn,b3GiOUCOlUh7,internet,26
745,lcolebeckko,Vx6QBB5D,floor,42
746,mlongthornkp,m11cATEs5xhz,floor,63
747,nmackernesskq,poEVGFjBQU,internet,54
748,ebrodiekr,jZGcYw3aMt,floor,71
749,paldamks,W41k5WjqUXA,manager,65
750,mmalsterkt,Yu8Pf82ndqN,internet,19
751,mstanfieldku,leoOg5ToJtD,manager,5
752,ethomkinskv,WFIovizpKABm,manager,16
753,dcattelkw,zye3Q2Wb6J,manager,64
754,cenrichkx,ZmC17ae,floor,64
755,khackingeky,ywjURXCD,manager,24
756,lmanolovkz,gg02bCrdlC,manager,2
757,mflippinil0,bdPa2Kp2,floor,58
758,ifollandl1,H6h5Q0C,manager,20
759,cpeelel2,6DcMDnMYFn,internet,31
760,mgodmarl3,b97xQoxwxL,floor,98
761,epauleyl4,QSmbBbe4LGBp,internet,23
762,vbristerl5,rF4Aedar,manager,60
763,msmithemanl6,kDXPhM6UT,floor,63
764,tquaylel7,lkoxPe,internet,28
765,sphetheanl8,cbhtu4,manager,46
766,mhenningtonl9,VKoOVB,manager,75
767,cosullivanla,w85CL3Xo,internet,52
768,rcoverdalelb,JQthW5Cq7F,internet,7
769,mblamireslc,oQL7kw7E03oM,manager,14
770,ahenrotld,uD5H4M,internet,36
771,jcordellle,CJYvAv,internet,67
772,ktrevettlf,BFcC8DVL0S4Q,floor,67
773,ccaswilllg,0NhpZJJJXJMG,floor,58
774,cimpettlh,DxCHfjTh6U,manager,40
775,jmewhali,LUt2CUYZ,manager,54
776,mmacneillj,4F7FRBk8u,floor,28
777,mruckledgelk,alNkSMIf,internet,5
778,gshevlanll,w9DnNw46WVVg,internet,26
779,gplummlm,p4qmeukD,internet,15
780,sbordissln,dY4QTF,internet,60
781,djedraslo,pPwCgtX,manager,44
782,rkillshawlp,HOCfCX4bIfih,manager,90
783,jironmongerlq,jGVpnLKJbDdE,internet,14
784,jdunridgelr,EnaoiexJ,manager,85
785,rsherryls,pvNVHWOUQAq,floor,78
786,lbofieldlt,gufzudUv,floor,42
787,cleebeterlu,HwzjKjzKvRy,manager,16
788,wsunterlv,OVRCabUKDRo,internet,52
789,pjensonlw,DQa1PrN4Sd,manager,63
790,rmcgeaghlx,BoTcV1uy9W,floor,93
791,rbarnardoly,a0BcVeO,manager,2
792,ashorelz,nL1Ok97vQ5,floor,70
793,sbeecroftm0,LbQwyMu,manager,55
794,rkenwardm1,veZyle0KvR,internet,23
795,mdewarm2,DmXb59,floor,42
796,sjillittm3,FFMU4Nk4fr,floor,78
797,asurmanm4,YmZRRkw,internet,40
798,saspinalm5,nQCaQ566F,manager,37
799,rculwenm6,ME6lpoSi,manager,11
800,pbarszczewskim7,S5LPcX2IFPFv,manager,82
801,mcameranam8,yxoBGG8N,manager,45
802,hsurmeyerm9,PrcvVcfR8mv,internet,85
803,edeetlofma,6OGyvrK,manager,86
804,kcornwallmb,owcCrOKwQ4,manager,33
805,jallainmc,1ms0RaI,manager,21
806,rpybworthmd,Vqx7nETniB,floor,36
807,rfranzinime,D5C9LF,manager,47
808,bdarkottmf,PJnU3jNOP,floor,45
809,cheintzschmg,EK3QMmLyC8si,internet,63
810,enodenmh,Jc23cuA1W,manager,38
811,pormanmi,Xb3dLhm3oePO,manager,8
812,ghenriemj,9neir7GvbTWr,manager,33
813,gmcgrirlmk,5ah9t2Nb,floor,58
814,agarlicml,asHaldOZX9,floor,52
815,tdowdingmm,TNcUEItvq,internet,40
816,tbompassmn,r5X49uSxF,floor,64
817,aandreuttimo,KXX6URcDkDH,manager,52
818,hlandsbergmp,o2uLrVmCP9Aw,manager,6
819,abrawleymq,4EsnEr,manager,45
820,hsherlockmr,rKPT1Q0KnH,floor,73
821,dadamsonms,BydL4KAjtR,manager,69
822,amorrittmt,eAdZEo4VR,manager,43
823,cbermu,IjQc2Z,internet,81
824,mjeskemv,TvdDBJtAyYE,floor,67
825,amacnaughtonmw,18mUizicFM,floor,40
826,lholganmx,GevLp0MUC,internet,12
827,gbodocsmy,PHAWPkFfdZCc,internet,89
828,jpoltunmz,YwFBfQS2NPhk,manager,6
829,aupfoldn0,jmmj9KSMDy,manager,42
830,oleavyn1,mJ4CGRD,manager,21
831,ghovien2,VDnKVDHKP,manager,23
832,spresleyn3,6mdc8Fu,manager,48
833,gtrottonn4,kJgzIF,manager,86
834,wbistern5,COFW6BzLZk,manager,43
835,jbarhemsn6,iFvaAE,floor,30
836,hviccarsn7,4aZ85ilbeK62,floor,28
837,ablachfordn8,VpIClotNjT,manager,22
838,vvasichevn9,cDG2meQzN44,manager,63
839,clarkingna,c8s2SABs,floor,65
840,mcatonnb,rDajg6NMHzZ,floor,54
841,dgeraldeznc,2pyzggq0W,floor,97
842,tgrissnd,u4CHhHVHSFzf,manager,4
843,rhagyardne,HWjQvDgHW0p,floor,73
844,fpollennf,HCSxWIuZ,floor,25
845,sbullivantng,FSXcsfVX7,floor,32
846,jbrabhamnh,W8Wgzoqf9vFG,manager,35
847,llauderdaleni,zqKgaEYfx915,manager,63
848,jcootnj,MBmy00icR,floor,90
849,hmapplebecknk,lOA5E1ab9,floor,4
850,gsinnienl,wmFhYUz,floor,73
851,adougalnm,JcDUeo,floor,36
852,ovalintinenn,CfF4LB,internet,8
853,jvianno,VXRwwo3,floor,16
854,jhrachovecnp,SzOSkn9,manager,42
855,gcubinnq,MUQl1iVNdJ8P,floor,41
856,wmedwaynr,gSPIRmiy9t,floor,66
857,lmintoffns,dWrUjI,internet,75
858,boxterbynt,3EAnrDXjDg,internet,93
859,acauthranu,tKeCR1g7A,manager,53
860,eburfieldnv,COsaCQ,internet,40
861,tthebenw,7JKEKvO,floor,13
862,aeustisnx,DWtktKVF,internet,70
863,dgrabertny,tZEpmHZth1ay,internet,52
864,efeirnnz,ZhK6NH,manager,76
865,myanuko0,VJnX7d,internet,41
866,vgoskaro1,WhktxEFKw,manager,85
867,ncroixo2,JjQU5BiRSToW,manager,89
868,tlowyo3,rowcVZ,internet,29
869,hcolefordo4,v5Zc3n,floor,92
870,hjaszczako5,gM9JizkXh3c,manager,41
871,nbeltznero6,MxFgFppKCjM,internet,49
872,cmaunderso7,Do9YKJU3,internet,30
873,llergano8,MIrQXo2vn,internet,99
874,djocelyno9,pYnC5jEG6cL,manager,48
875,jvickersoa,KQQI9X1z1,manager,83
876,mjesselob,9bU81zNV,floor,30
877,dregglaroc,2D1V2I2,floor,90
878,groubeixod,KQbKfmLfxs,floor,45
879,zrotheraoe,IOmLXq4T,manager,49
880,jpeaseof,OOGmiYtcw8za,manager,16
881,osagarog,qnnPVMyvm,manager,94
882,amucklooh,mLCE5i4Tpn,floor,9
883,dfredsonoi,tS6kL7CgxWk,floor,84
884,cbeekeoj,Sd0saL0lHV7x,manager,47
885,imeachenok,v8HdVT4L,floor,26
886,orowlinol,VnNYSfi3Uq2r,manager,32
887,lbrierlyom,jjUHeqMOq,manager,41
888,rwikeyon,W4SzgeAOF,manager,68
889,kmalenfantoo,9mvZgCUPYF,manager,0
890,amcilrathop,dXTBaMyO2,internet,5
891,gdeclercqoq,uOPFfKxR,manager,60
892,auphillor,4LTDleej,internet,4
893,rpietruszkaos,1JpYcF7WNe,floor,43
894,jclaringboldot,7gp1M2B9l,internet,54
895,shazeldeanou,wkVKjl7T94,internet,82
896,zstaffordov,dgOE4z,floor,57
897,aandryushchenkoow,LWG0Dx,manager,82
898,mmathenox,FOMGXTmvDdq,floor,22
899,rclaweoy,4c76Qr,internet,60
900,ilesleyoz,AnwXWo,floor,49
901,kcawleyp0,e2fAWne3Xu0J,manager,88
902,brosensaftp1,DwUrQFJXyWL,internet,47
903,tvantp2,t9K4L0,floor,27
904,acolledgep3,UJZ5IX,manager,23
905,dprettjohnp4,mwyImihw,internet,63
906,gpadlyp5,p1n4AY284i,manager,23
907,zdibatistap6,KRgfJT,manager,41
908,kvamplewp7,M2nJKthM,internet,33
909,emoseleyp8,z2T5LMfqQBK,manager,19
910,ggoodenp9,ogtHmI6dmP,manager,48
911,cullockpa,Q0RyGtmrA,floor,82
912,amcnamarapb,mRFII7,internet,51
913,glauxmannpc,jlkpl7kSav,internet,92
914,espatpd,jWjufnGmZ,manager,9
915,bvennype,Oemt1O1CkD,internet,56
916,cselwinpf,kpIGcI0NHlb,internet,69
917,rganniclifftpg,c2sMLLZJE1Se,floor,93
918,mcarverhillph,Ak962F9,manager,32
919,jasquezpi,K5GPFgzKt3H,manager,65
920,idemkowiczpj,YyOdsiFr,internet,71
921,wgoudepk,W88o4he5,internet,9
922,jbeneditepl,zhK0RT6K9Z6,manager,93
923,gtrounsonpm,hGFezuzz,manager,62
924,lthirlwallpn,5fBTNx,floor,83
925,whakonssonpo,4MYpmzxsFC,floor,33
926,skirkpatrickpp,hn7JkvVL,manager,58
927,wdunkersleypq,IBP52VD,floor,86
928,lbellipr,MCbR8bjyga06,manager,19
929,felacoateps,FXNaYxkN7G,manager,5
930,kgeallpt,O6Ft4r,internet,87
931,gweblingpu,j9CNwhx0cj4j,floor,52
932,blesurfpv,8aMeELKJ,floor,94
933,boffenerpw,wf4r55Vel9,floor,45
934,alowepx,g78l14avTm9,manager,63
935,pcrannpy,8kA8sGR,floor,83
936,mmurrowpz,30ldGy5jPq53,internet,12
937,mgoundryq0,WIZzuFq0Gm,internet,58
938,ktreffreyq1,zfQGMS8e,manager,90
939,kfitzroyq2,bUxwb2UpfJh,floor,53
940,cperringq3,TE33IWat,internet,40
941,tpetracekq4,kZO8nz8FM,internet,55
942,ejewarq5,iJXb4T,floor,41
943,mbrymhamq6,jpkTvxwCOm1,manager,66
944,fbenieshq7,ydxZnW2,manager,49
945,cbroschq8,903CM2ypZTNg,floor,91
946,ecroneq9,Js48cVgla,internet,30
947,bmaxworthyqa,AaIiVVdtR,manager,97
948,dgallerqb,hEU6HN,internet,55
949,cdelafeldqc,QcBhiVBZ8,manager,5
950,ccroucherqd,Pk5v2KI,manager,78
951,dcardenasqe,0wekhrx,floor,63
952,bmollattqf,oZDy01cG,internet,24
953,jmcsporrinqg,HwodyN4pNy,manager,33
954,plahertyqh,xTkwdYE,internet,39
955,mdonaherqi,fAF84WN,floor,17
956,lpeeteqj,3flsPA9gxWQy,floor,20
957,jpatesqk,dcmnkyT,internet,67
958,kpetrinaql,KtEOLxyPKY,floor,53
959,dakredqm,W3XyU3J,floor,35
960,mthomannqn,pN99x70xq35L,internet,71
961,rrecordsqo,280eHKAkTa3,floor,34
962,speatqp,MhBBySlHhp9,manager,57
963,ujzhakovqq,r2YJj8F,manager,76
964,bbolsteridgeqr,Pw7vYnhYcM,manager,66
965,bjostqs,HM3kvcA2Pw,manager,17
966,bbaudicqt,ouZ5sdfg,floor,20
967,mdymockequ,3uQzCP8Oprgd,manager,74
968,ecranneyqv,rBNX99N,manager,0
969,atackellqw,cZaoQ7o4Kk5f,manager,62
970,ajurczykqx,Glk56UmleZuQ,floor,3
971,lfevierqy,MlHJo5G,floor,19
972,tbrilqz,AZeL6uRfpI,internet,67
973,qbullersr0,ayMx1hdzYt,internet,96
974,vvenablesr1,kO7E33r,floor,37
975,nantrackr2,BfRsuNgrvO,internet,27
976,klanehamr3,kc5mQt7Q,manager,53
977,mmaroneyr4,H9HCFYH8ZH,manager,89
978,ksaphinr5,gKSVfszp,manager,37
979,tdomencr6,1RkZvG,manager,16
980,abrennenr7,8RgfKTZd611H,manager,34
981,tmawsonr8,HhT1l4o,manager,57
982,lhostonr9,ngqfLhzvezp,manager,1
983,mleera,r1rLHUDW7,manager,2
984,lousbyrb,S5OwMj,floor,97
985,lheinlrc,kz06NV7B2Kfe,floor,34
986,cgirthrd,nfanaExAk,floor,64
987,ktropmanre,RXZpvu,floor,62
988,hmullalyrf,yGXs9KDAD,internet,74
989,boscolleerg,qKKXtk,manager,50
990,yallardrh,OrJHPz,manager,21
991,mgammageri,wptr1QfPDHFF,manager,40
992,bhunstonrj,hjxgg66,internet,57
993,jsurgeonerrk,Rn7HL7YU97l4,floor,67
994,kduggetrl,c6A9re9,internet,4
995,badairrm,Lh0TqBdA7KrK,manager,79
996,nbyasrn,1yZHImi,manager,46
997,chinkensro,3rFkNMjIk,manager,52
998,bfickrp,2sWJOFa,manager,10
999,jfostrq,NbOrXvhZds,manager,63
1000,nsewterrr,3g76ZVig,floor,0
